Img_path;Answer
train/ASJ9qg-UwH-2v7-g5Xo0T.jpg;3 0 69 369 415
train/SO6K0l-JTu-2In-R9Tbu5.jpg;2 258 92 324 150-2 327 94 409 159
train/JasVxP-w5j-qwk-ZS21zb.jpg;1 9 115 410 374
train/aNTlXE-o9m-JK7-yM1m5g.jpg;0 129 120 373 352
train/lAQuk3-jx3-vju-oAisSX.jpg;1 0 252 148 387
train/5bv3df-Ype-qv0-2tar5E.jpg;0 152 118 348 317
train/ukzUlt-MxQ-xXU-HNlMW5.jpg;2 80 194 331 338-2 207 196 403 318-2 285 210 415 305-2 386 219 415 243
train/V9DbJi-mpV-WH1-MTstU4.jpg;1 55 12 398 310
train/E3Q2D5-qfw-PSH-yUATea.jpg;0 88 120 366 291
train/UkLl3G-r8o-epN-j23iSd.jpg;4 19 80 394 347-4 55 156 74 176
train/qLi1ES-8z7-ueC-6HY5Iq.jpg;2 14 34 396 413-2 0 108 105 243
train/mpZSr8-uQm-7Md-UK8PcR.jpg;1 76 45 332 391-1 273 161 415 266
train/1a4zjr-ApV-F7e-aUZNgJ.jpg;0 0 230 260 380
train/g0EBUr-R5c-ceE-yaetDT.jpg;1 0 125 121 241-1 7 0 415 415-1 314 4 415 252
train/hrincL-y9r-4Mq-qdSD3y.jpg;3 26 15 386 367
train/023ftk-24l-U5k-L4SpCB.jpg;3 4 79 393 395
train/DeKt5r-KAS-Rsa-wQsh5j.jpg;4 0 0 398 415
train/JKX5fo-lYy-Omr-5qEkKm.jpg;1 0 92 127 319-1 121 24 342 412
train/3GKlsW-A1F-R9r-6oYzQD.jpg;2 0 291 51 393-2 105 252 415 415
train/EOCBH2-xgR-5AR-M8Hg0h.jpg;0 134 126 393 366
train/pxOC31-Ikl-1aU-y1rlNA.jpg;3 0 73 409 415-3 219 125 414 300
train/nP1NyS-bGV-Jf1-d98hgW.jpg;3 368 322 399 381-3 275 315 337 409
train/Tl7Wg8-cDu-1Tp-5AwG4a.jpg;1 0 0 405 415
train/yedmrv-tbF-IYX-vJ8pNY.jpg;2 143 150 358 332-2 0 153 29 190-2 26 156 55 187-2 47 158 80 188-2 61 162 96 184
train/EATwZW-c3K-anF-ZRBoHr.jpg;0 29 62 362 365
train/p9nKWP-207-w9e-f8gGWh.jpg;2 12 60 132 342-2 15 58 114 293-2 36 48 371 406-2 321 82 414 215
train/tmSAU5-F8S-j8u-G8YScT.jpg;4 73 77 326 350
train/pm8M3L-2ta-uPp-s6blga.jpg;0 18 221 48 254-0 123 200 160 257-0 157 180 221 264
train/JylvPh-qM6-kX7-QLWb6p.jpg;3 67 162 179 270-3 220 190 278 268
train/0pEZd9-vdb-Aeg-CbSiyl.jpg;2 36 39 348 379-2 0 30 145 265-2 128 73 154 98-2 153 76 166 99-2 340 79 415 139
train/qL0mXg-F9c-tQf-wZ4WA9.jpg;3 56 9 415 415
train/PhzrnV-6yZ-2QY-9qX5Wz.jpg;2 0 160 86 332-2 12 161 205 355-2 185 183 229 255-2 224 159 415 342
train/3YvcK6-uJf-nxF-lbpZcz.jpg;0 0 52 304 267
train/h50DcF-dJh-Is7-8lz2GO.jpg;0 103 87 368 292
train/u5KQrB-WQb-JFY-j9MEel.jpg;2 0 133 74 162-2 0 131 113 187-2 2 106 183 217-2 38 140 252 272-2 118 149 394 372-2 253 114 324 167
train/siSmJD-RD1-fWV-hSQdRw.jpg;0 139 172 393 324
train/OK7DW3-X3L-bMm-JiYgLl.jpg;2 7 59 415 351-2 25 9 61 41-2 128 4 165 33-2 180 4 226 33
train/7T69oB-BoX-jdz-Bagojr.jpg;2 9 122 98 353-2 134 95 237 154-2 259 150 407 296
train/r8eo0h-HQJ-zkj-CaKjfy.jpg;3 3 46 408 369-3 319 6 415 166
train/A2wEs1-JNE-NiC-G6C5Tq.jpg;2 0 54 80 221-2 0 0 121 76-2 35 59 406 367
train/0E8wVI-HIK-icQ-U1pasy.jpg;0 63 26 333 341
train/xNQe0j-0SH-HJh-CFHPY6.jpg;2 15 299 322 415-2 361 332 415 415
train/r3DXqu-8zh-qPz-4TJqvc.jpg;0 22 159 415 414
train/KuhM2I-NaK-kdn-RfMACK.jpg;4 40 81 339 355
train/38OIoN-Nvq-nmr-9aczi0.jpg;2 7 296 188 405
train/OFGnmj-3Op-Vt6-4fPkth.jpg;4 29 120 396 342
train/LAvnx4-wsM-6Qg-fesncu.jpg;1 4 169 42 203-1 54 163 110 225-1 112 131 316 254-1 389 98 415 285
train/L8DrCB-O9Z-rUd-Vc6OU4.jpg;0 0 123 39 228-0 28 72 353 364
train/Y8nxCZ-tZk-bdg-cYmhUM.jpg;1 31 85 245 303
train/ESCpOv-lZ3-LXg-YG8yM4.jpg;3 176 177 230 246
train/E7JSZG-Qbr-UEO-jmJZBR.jpg;4 0 67 392 415
train/hjZ6OG-gvG-fjO-XJaU4R.jpg;2 80 235 114 253-2 116 236 154 258-2 156 236 183 256-2 192 238 224 262-2 242 242 274 265-2 372 250 415 271
train/Ql1Uy7-4LF-f3U-r9W76d.jpg;2 51 185 116 232-2 328 206 368 228-2 366 209 381 225-2 398 215 414 226-2 411 228 415 251
train/FNgHrm-f83-NXf-sgcDpE.jpg;1 0 20 146 362-1 133 42 312 353-1 269 26 415 339
train/qeupCf-dzS-1Wk-mvCdxN.jpg;1 6 19 239 327
train/0IGw3F-yLQ-oVW-4dLBcl.jpg;0 112 113 303 336
train/ZhqomS-ORZ-DV5-aWr7O3.jpg;2 0 9 48 49-2 30 39 384 347-2 216 11 276 47
train/3kNLaD-THG-A07-0ruMmW.jpg;2 0 99 16 174-2 0 81 34 108-2 20 92 379 348-2 83 57 120 105-2 115 8 407 205-2 331 60 415 161
train/HNQ4IE-Yo1-eEs-6xsSmN.jpg;2 0 9 36 133-2 0 0 152 62-2 9 28 293 414-2 143 0 159 33
train/r0pCWI-oA8-J3v-7oYHqh.jpg;2 0 96 35 225-2 69 133 364 359
train/f9Up2R-Awn-KXp-YzdUVQ.jpg;3 52 83 367 317
train/54mUbR-2uK-rYG-4tNxf6.jpg;2 169 291 272 386-2 272 287 346 329-2 352 295 368 313
train/XkuTgq-9Aj-lTL-xOQXRp.jpg;3 34 41 183 392-3 233 2 391 415
train/9OpGEV-6xh-Eba-fX0YBO.jpg;2 60 155 359 342-2 0 77 47 144
train/dspb6a-M3g-IDp-FR6Iwx.jpg;1 0 70 65 302-1 24 48 368 386-1 244 116 415 354
train/AtyJDv-3Iz-rDi-O5KMeE.jpg;2 111 147 178 218-2 230 157 329 236-2 319 162 382 212
train/YDZnFE-ft7-T8r-Sho54m.jpg;1 0 213 78 267-1 72 188 283 300
train/Y8P4wj-8oD-5g4-aOo6HX.jpg;2 141 172 309 286-2 24 144 83 162-2 169 153 207 165-2 205 148 251 165-2 376 197 402 258
train/woS3Qe-Dd9-iyg-1GXOYo.jpg;0 0 147 34 256-0 50 108 233 267-0 180 115 360 268
train/hspZF5-FQb-p7T-c16Ye7.jpg;3 11 16 414 414
train/3el6X4-jwh-Zcm-WnKa4N.jpg;2 6 52 254 342-2 174 133 411 291-2 292 122 415 240
train/IZ5nmo-dGw-qMx-feWK3x.jpg;2 0 192 415 385
train/67yLB9-WVF-NeV-OirU41.jpg;0 0 70 79 323-0 74 62 343 365-0 309 93 415 309
train/f6ByTq-c71-G20-1uqaIb.jpg;0 0 150 82 245-0 3 29 338 409
train/peagx1-Ixy-biS-COYj1X.jpg;4 23 103 396 401
train/GcUfTz-oS4-YNt-O4U7Cu.jpg;0 47 64 236 268-0 63 0 364 374
train/ArYK3f-qi6-6gC-N7t60y.jpg;3 8 54 412 397
train/fGg7Nm-sXB-Oeg-rmSMR9.jpg;4 47 199 363 386
train/UrsDBE-TEw-MyE-uKbkDJ.jpg;4 0 213 415 415
train/auVq3r-1Qt-vUx-XolPAZ.jpg;2 0 43 19 124-2 0 0 415 415-2 6 0 129 104-2 142 15 201 68-2 199 30 214 51-2 215 32 228 45-2 225 0 415 104
train/IohMKs-BZq-Yzv-a5LIOZ.jpg;1 195 142 415 278
train/xe7QM5-omd-vZB-2T5jCH.jpg;2 0 81 29 138-2 0 87 146 220-2 48 89 312 351-2 124 65 214 126-2 278 68 376 154
train/9OwTxa-7Yb-l0C-PCZGQh.jpg;2 63 288 88 307
train/gDlrLi-wke-HZD-LJybjT.jpg;4 1 37 317 308
train/7PgWf3-COW-2rj-Y4mg1K.jpg;2 222 40 361 377
train/XrnGqt-DZj-YGu-HgysFB.jpg;1 10 184 337 364
train/8rQW0e-Shv-6jh-VEoeF3.jpg;4 39 42 377 380
train/VvGk81-iA3-zKB-ap6XeO.jpg;4 0 65 55 111-4 1 91 61 145-4 30 85 212 270-4 232 151 415 414-4 236 128 321 219-4 324 83 415 238
train/axSl4d-tRg-IBF-cbOVqp.jpg;1 20 162 84 297-1 73 90 381 377
train/bC0ZX5-CRJ-5Fn-WPLXNO.jpg;2 33 78 351 327
train/m2VfPO-k2r-XAj-Ex45D0.jpg;2 22 34 392 415
train/qDkp81-6ST-Ku1-CBth0f.jpg;1 0 0 415 415
train/VlrpDX-0i8-bsP-YpFkh3.jpg;4 213 90 409 286
train/HI8W4b-2gq-uhT-pvxjZq.jpg;2 67 75 378 395-2 0 196 65 415-2 217 52 415 266
train/ZDnclx-bc3-o9q-aqmgrI.jpg;0 44 15 360 415
train/9o6iCU-Dgm-zfN-S0XTat.jpg;0 33 64 382 359
train/LEwCYg-mKU-hFf-KJVTXO.jpg;1 257 157 379 222
train/tGUyTN-Qe9-mZ1-RYbn6J.jpg;4 84 49 415 395
train/osE0Qe-syw-XT2-FvrHUM.jpg;2 0 202 29 247-2 28 165 415 414-2 55 182 307 293
train/mRZVKW-Zjw-dWy-7XKOSq.jpg;2 35 138 264 330-2 208 140 376 229
train/Sen5Yx-U2I-fhu-DXJfHC.jpg;2 43 27 402 391-2 263 86 415 237-2 371 85 414 143
train/deipGL-DKr-I7X-5iyCGT.jpg;3 14 44 299 394
train/MZuJti-K3E-xFz-dNueVz.jpg;1 0 131 60 324-1 14 75 194 349-1 186 28 415 377
train/qobFDj-j5l-RIv-BwWzdU.jpg;2 90 95 367 357-2 348 72 415 165
train/T25EUi-b3F-Orm-NICPcW.jpg;4 44 58 401 354
train/HA5B7f-L9I-ptF-RN5o3x.jpg;3 88 139 290 388
train/nMcOZR-IAH-VY3-nyXDae.jpg;1 149 207 306 316
train/YeKkJw-TQS-Nlm-nSVF4g.jpg;2 276 230 371 300
train/WX06Pl-dCW-vZQ-6i9LGO.jpg;2 0 61 244 405-2 225 129 335 207-2 343 117 415 379-2 357 110 410 204
train/gQHeru-D2m-7zu-9r3FES.jpg;0 37 74 363 349
train/WzEhsG-y9Z-exH-LC2KTU.jpg;3 80 123 317 279
train/BjJIMG-GCW-vu5-MgeiXB.jpg;1 76 221 367 395-1 364 312 390 362
train/f3mUhd-Tjo-PdA-VZ42pQ.jpg;0 320 210 415 342
train/mxjcsk-87Q-8cw-togKfB.jpg;1 47 67 338 332
train/ZJo8wS-anA-xbS-OKadju.jpg;4 22 32 387 404
train/ZyXN16-pN0-IQW-6VZ3zD.jpg;4 6 55 334 356
train/wg1tDp-jmJ-A0V-LRG4Ne.jpg;3 0 203 337 415
train/0eznDt-4ZW-Y2N-1elS4G.jpg;4 98 257 415 413
train/GFh6kZ-OZ4-ahX-WQwkEe.jpg;0 118 17 415 412
train/LOxb1Y-Tzk-01v-qjUvsN.jpg;4 26 15 368 390
train/HTbWco-oUM-d6o-qovN9a.jpg;0 0 44 145 282-0 0 58 35 130-0 50 16 335 362
train/7sLVAP-IAZ-1VN-XCmzWy.jpg;0 126 123 293 240
train/cA081n-huv-ocz-qp62Ii.jpg;1 110 90 300 322-1 225 135 367 298
train/tL1sD4-z84-4tk-hgCf9r.jpg;4 31 54 371 399-4 0 159 103 415
train/Nyn9XE-OXm-7Ah-x06vzF.jpg;3 43 130 371 335-3 0 150 110 254
train/9glh84-KYh-5a8-NU1FsR.jpg;0 0 143 71 414
train/bqXEif-mF6-pmv-1gNiS2.jpg;3 16 110 131 294-3 92 58 224 334-3 232 0 371 415
train/cvWadY-qK9-YvV-MSgaYn.jpg;0 130 32 411 384
train/cnlShM-03l-01R-4Y3ZK0.jpg;1 2 117 163 223
train/au3Emq-kAL-E7p-xvcyuU.jpg;0 0 128 185 292-0 100 128 342 310
train/Y23plt-vtL-TbV-IYfHbL.jpg;1 42 12 349 395
train/62qX8r-B3X-fIT-aVGsFr.jpg;2 47 292 335 392-2 345 269 415 366
train/68jPUF-T7u-sYn-b3zLXf.jpg;1 40 163 154 302-1 142 136 415 350
train/yA5fwm-V4o-ro8-BKrwDe.jpg;0 33 33 388 392-0 291 89 412 252
train/l6tkBG-tko-w5n-kLrCz1.jpg;1 0 11 414 414
train/6kKtai-4TF-ifn-0ZJw5N.jpg;2 56 247 150 307-2 0 236 17 278-2 3 233 88 298
train/1Nj3Sg-DFh-v4X-aiB3Mg.jpg;0 37 84 376 344
train/eynIbz-MG6-ge6-qxjhHO.jpg;3 126 211 213 321
train/k1QUbp-h0q-0sJ-pR0mNI.jpg;3 128 136 312 378
train/UAQibT-Z0l-ruz-C1AXzq.jpg;2 0 322 67 350-2 0 328 73 390-2 341 313 415 385
train/oVMyTx-4Nt-267-aM2HTL.jpg;3 48 110 358 383
train/eVKdq1-57q-0A7-gJhEqc.jpg;2 26 99 367 344-2 148 92 212 104-2 274 73 414 188
train/gYuWHV-04G-vAW-nPw3Ia.jpg;2 0 84 53 134-2 39 97 389 306
train/7PkV1z-8r3-qpV-6Yhd5N.jpg;3 136 163 261 307
train/LTSeXx-7B6-yn1-jDt16Q.jpg;2 44 192 134 245-2 112 191 134 223-2 125 189 152 219-2 147 193 156 215-2 156 198 168 213-2 162 198 172 209-2 226 170 248 192
train/4fhwWN-YsT-pU0-9rEf3B.jpg;3 54 157 367 386
train/VFXw8k-qdx-7sJ-na83oG.jpg;4 162 41 311 135
train/mhNAfq-FLb-fPa-FzSJZ3.jpg;1 74 104 318 360-1 319 3 415 304
train/L5hNXk-nXs-0gv-WbIfrN.jpg;4 23 71 397 347
train/u1HSr3-xyf-sgD-FKJ2R4.jpg;0 0 8 223 371
train/Nwmrks-bvh-CbI-foXjPM.jpg;4 288 343 378 401
train/FieMHV-2GP-4tS-JmzgMv.jpg;2 0 292 56 387-2 29 265 91 277
train/YuOxoX-iOk-tEb-zsVL6h.jpg;2 67 170 336 333-2 338 285 404 375-2 338 183 408 255
train/rhCqka-rDb-U7A-aqQ5Rs.jpg;2 158 114 259 236
train/z0vhYG-QG5-rvX-bTBFpY.jpg;1 0 96 337 353
train/vpB6fO-0gl-ru0-j6GWU1.jpg;2 0 324 72 415-2 87 339 271 415
train/OjRhP2-S0z-6lp-Sa1NDp.jpg;2 96 146 292 296
train/etlvUd-Smr-y5S-8aruCB.jpg;4 17 0 373 395
train/6f50dE-ugB-7HP-EMa7TF.jpg;2 12 218 61 240-2 59 217 98 234
train/qetXhP-2H3-RQO-6oN8ie.jpg;3 209 28 367 314
train/TpNZxo-Q0s-CuZ-6CfPce.jpg;4 11 76 382 319
train/2gHJQ5-m8s-pko-UIJxAm.jpg;2 0 243 51 312-2 46 239 192 323
train/0yljZa-wy7-gP4-sot4GZ.jpg;1 20 157 88 195-1 104 143 153 198
train/GpxBy7-Fr0-6H4-WZsvCG.jpg;2 145 119 269 216-2 287 124 315 144-2 360 131 389 167
train/4ieoxv-mDO-y0j-9oiGQR.jpg;2 0 235 153 414-2 371 246 415 304
train/CbcWtr-Duk-6lY-UkYwHv.jpg;0 66 129 382 314
train/FCEWz5-6UP-5FZ-cWAyI2.jpg;1 33 58 347 299
train/SoeGVv-Y50-fUm-xJG4cy.jpg;2 298 305 402 396-2 384 318 415 389
train/G75oNd-BN7-OJ5-DmVcWZ.jpg;3 87 152 248 353
train/y5fS4a-7De-3ZW-pOYaQw.jpg;0 12 55 204 275-0 109 0 397 381
train/lA1IvQ-nyZ-ErP-EnUNde.jpg;1 26 20 353 368-1 350 109 415 259
train/C3IJKF-s54-cea-MvTo97.jpg;2 23 16 402 215-2 154 313 383 374
train/RuayXl-9SY-0bY-FUd5Az.jpg;3 0 0 388 381-3 381 13 415 194
train/qzFBjd-o2P-oRW-K7UzPy.jpg;2 30 20 394 401
train/N6Irdv-ip0-SiG-Pfde7H.jpg;0 99 121 293 264
train/hDgpZQ-b4a-sie-2zi4te.jpg;2 194 203 378 394-2 123 196 136 211-2 157 192 184 237-2 209 189 231 220-2 260 201 325 241
train/AjbsI4-GhC-5Am-dQpnMV.jpg;2 24 121 95 168-2 0 130 11 159-2 32 22 383 399-2 99 117 143 166-2 338 147 366 155
train/L6pR3H-IPb-BdP-TPIqpf.jpg;4 9 152 137 268
train/h3v2JO-Qn2-zLe-3mCGid.jpg;2 0 304 112 415-2 91 193 167 254
train/gFTReE-nEY-PR7-2fD8CJ.jpg;2 89 302 172 338-2 185 298 327 349
train/ICLJdD-PMI-yOh-TAFOKW.jpg;2 36 328 57 358-2 52 324 100 372-2 159 300 195 351-2 174 308 244 379
train/GN8WeS-weW-CGp-0yoZnO.jpg;4 68 196 162 298
train/iZ7RrH-Ilc-Niu-hUHAmX.jpg;2 129 194 222 263-2 25 257 131 326-2 184 224 286 318-2 205 118 253 151-2 229 167 303 219-2 301 158 336 183-2 325 177 348 202
train/rATmqd-Sji-MiK-Vmh9xu.jpg;4 216 31 341 119
train/WJeu4X-rC9-46v-LrWVz5.jpg;4 40 78 405 380-4 3 158 93 326
train/qkUwcV-cjP-XP9-KhSed0.jpg;2 5 105 411 384-2 228 70 391 132
train/bm0pWu-HaK-wp4-Y9fwsd.jpg;0 19 112 354 381
train/GdqT4F-git-OUA-sqc3Lx.jpg;2 46 39 321 271
train/AwauqV-Z0s-Ox4-crW0gd.jpg;3 97 289 153 356
train/A9Duct-HwS-dns-2JO3pz.jpg;4 24 143 377 337
train/fhLCOF-rc9-asB-rghfx8.jpg;2 149 169 218 229
train/8TUV9j-hfz-DVd-u4Hdz3.jpg;2 6 269 65 306-2 53 271 137 320-2 54 267 82 283-2 291 263 357 311-2 348 243 415 316
train/xaNLKw-zmb-oWG-Yu98Ct.jpg;4 107 222 183 270
train/mQKOLz-mMC-X94-NqDI9e.jpg;2 0 34 89 151-2 19 58 400 314
train/NsCPTg-vYD-QP0-bcHpGX.jpg;0 58 71 398 353
train/a4sOAM-tnp-5Gi-R1TOHX.jpg;1 22 44 369 393
train/wZesgR-Jq6-jyM-Da3Abv.jpg;0 0 117 43 281-0 26 56 389 415-0 254 91 415 304
train/wFHflB-dEI-9r0-zn4lsI.jpg;4 0 41 376 356
train/nLU8cG-810-5Mk-koHQgq.jpg;4 64 282 366 373-4 71 161 356 256-4 95 28 365 128
train/wSPlDM-OLh-kSe-35bJD4.jpg;4 23 124 383 347
train/B8HMWU-FiD-kXq-TSXt3a.jpg;2 114 33 299 228-2 0 107 11 170-2 84 103 110 130-2 292 66 323 108
train/L9g7C5-QzT-96z-NsYckv.jpg;4 0 0 415 415
train/Ljk9xm-zpK-9J2-OtUwNz.jpg;4 11 2 385 370
train/AJtD4d-qVW-bwH-U51Obv.jpg;4 61 184 261 292
train/7fDQTq-4gX-Ojd-L7GWdo.jpg;2 79 197 183 252-2 225 102 332 139-2 230 299 344 362
train/vBcR9m-gth-6X2-nLzRgh.jpg;3 0 158 312 414
train/2pXiyZ-ioS-rLC-ULnPsc.jpg;1 202 130 287 257
train/7RtlwH-wuc-Dak-JIzSA4.jpg;4 45 36 395 315
train/EAkNOp-sx1-GcA-s21qO7.jpg;2 12 153 389 334-2 370 199 415 246
train/Ha7X49-Cch-xmY-D5FNz6.jpg;2 0 44 415 415-2 264 0 313 44
train/z5au6f-Jiv-43L-vOd7cD.jpg;2 0 0 184 201-2 120 97 415 391
train/MG5C10-nVb-Elc-H4F3Qt.jpg;2 0 76 92 294-2 15 51 397 413-2 380 102 415 173
train/rU5xOg-Xer-8ze-7s9UKc.jpg;0 90 74 296 392
train/63BSFQ-Gz4-Rw3-fKJd6t.jpg;3 101 228 271 370-3 0 135 21 239-3 29 117 81 197-3 32 172 150 310-3 406 95 415 177
train/QVONsx-ZJL-qID-O1hp7t.jpg;3 225 112 359 228
train/9yx64f-M90-wBz-lyKWbY.jpg;2 291 314 404 381-2 20 309 29 318-2 50 309 86 335-2 89 315 131 341-2 131 309 186 348
train/3yJLXd-rlq-j4q-dFIu3M.jpg;1 1 5 410 376
train/qtcN0B-CW6-up4-YD5TFJ.jpg;4 53 6 393 409
train/Gp2g0K-KU5-sSc-gUZHyC.jpg;4 29 82 372 358
train/9In7Oh-Ip9-KQ8-DRQvMd.jpg;2 17 142 386 280-2 32 36 190 106-2 149 52 372 142
train/Un67r0-DCp-MXA-efPZBy.jpg;4 100 42 336 352
train/9xrdwS-abC-6ZY-Eao21B.jpg;2 0 253 34 271-2 57 248 71 264-2 115 251 168 274-2 261 252 296 276-2 310 256 322 269-2 330 259 341 265-2 348 250 385 273
train/eKCEan-HfT-iTm-dC0lFH.jpg;1 25 29 330 390
train/BSc5lE-Zju-N2Z-2Qf8qK.jpg;4 60 82 411 397
train/1EvtoD-AGJ-Iow-ZNGjJb.jpg;4 174 73 390 367
train/tIN8Py-lEt-4uR-7MDKpC.jpg;1 0 63 396 384
train/wPySe2-unS-NRP-zAI6MH.jpg;2 4 206 159 267-2 257 204 409 269-2 345 302 415 415
train/SptXhf-hIs-1dj-jOSgDv.jpg;1 80 107 204 268
train/bp07a8-V9n-HYB-IrjRiW.jpg;2 28 10 67 38-2 199 90 415 414
train/qRf465-oMq-UCS-rOxenL.jpg;2 96 140 402 398
train/1YJOjF-2qR-LaS-Vv1Zz8.jpg;2 323 248 404 349
train/fkOTjr-3NS-Ibj-gECnQq.jpg;3 32 9 384 348-3 160 0 415 239-3 347 0 415 134
train/T1YH4J-ajO-lKj-UwlOtF.jpg;3 56 53 329 408
train/rZgo1h-2Dy-yUs-tP31cp.jpg;1 14 125 231 292
train/VCUzws-NBt-g9P-p8eTI3.jpg;1 32 102 186 299
train/uc6op0-vpw-7I0-1h8RXj.jpg;0 166 89 335 229
train/dkZ9Ev-mts-yJ5-3dDK14.jpg;1 212 186 290 275
train/mGaef9-KPW-cfo-MZmeFY.jpg;2 12 161 402 377-2 129 45 240 124
train/TOxeC2-DaB-qsK-vHtAOc.jpg;2 0 55 44 95-2 0 58 124 129-2 0 73 223 220-2 23 47 398 354
train/tq2CaT-oPQ-QiC-HAv5mD.jpg;4 7 199 149 314
train/gpmLEv-rtm-JEL-nD1aLj.jpg;2 13 224 248 329-2 83 203 121 220-2 124 203 134 217-2 338 213 351 222-2 355 214 367 224-2 369 214 384 222-2 393 215 401 223
train/EXlps5-rtG-rtY-TpYeP5.jpg;4 200 286 268 351-4 271 306 308 343
train/59Qciw-Dt9-eWu-oyzWD9.jpg;4 0 58 66 108-4 0 59 131 185-4 3 47 298 212-4 71 13 415 321-4 296 140 415 386
train/9h2DxS-76x-8Au-l37XbL.jpg;1 115 66 303 307
train/SuhYma-Lo3-Krb-kYOK3u.jpg;1 0 109 415 360
train/IKGxSk-VQG-tYo-3e8kP9.jpg;3 20 13 399 385-3 177 13 408 185-3 286 0 405 120
train/raptMY-AfQ-CWp-QV3YuB.jpg;1 0 71 415 341
train/DmoV8A-S9I-5ZF-ot5zVx.jpg;2 90 166 109 189-2 107 164 122 185-2 148 207 258 348-2 151 160 175 180-2 284 192 415 362
train/3sMv4E-S07-uNt-nERbGz.jpg;1 116 71 348 354
train/uVAhWP-kCn-xQJ-0qN4CT.jpg;1 215 44 406 377-1 43 47 235 355
train/nEWjAk-OEL-I36-rklAXE.jpg;3 0 6 415 404-3 285 9 414 254
train/odtKTf-dzm-ESi-fgSZ0L.jpg;2 24 281 80 333-2 111 279 164 333
train/0iMacT-4K7-FL1-XPMAhN.jpg;1 0 0 334 415
train/axKzNy-DVw-JCD-iybSv6.jpg;1 34 122 216 317-1 206 110 403 314
train/nh5PMZ-Qm1-xuE-3eipV4.jpg;2 366 210 415 256-2 338 220 372 236
train/GbtsSC-VZ9-v86-nAMQIK.jpg;0 24 58 343 394
train/iAuKtP-va8-Jyj-vMydgo.jpg;3 6 94 36 136-3 40 75 82 122-3 62 77 125 146-3 78 88 163 216-3 83 81 233 270-3 91 56 267 308-3 171 0 415 415-3 253 56 341 159
train/Tvku4z-eRl-YNe-ZVA8kR.jpg;4 51 72 370 397-4 0 182 17 267-4 0 164 106 280-4 285 138 401 296
train/K73MSD-876-ouR-ocZbW6.jpg;2 0 142 18 183-2 40 146 320 365-2 147 137 155 144-2 158 136 167 144-2 189 163 381 269-2 212 143 365 212-2 252 139 342 179-2 313 143 332 154
train/30sBYE-dmp-vWx-De8qPk.jpg;3 350 149 415 323-3 0 157 92 352-3 225 169 338 415-3 301 206 357 315
train/AhzpOf-ki1-8sa-qnV1Ax.jpg;2 247 32 412 235-2 25 87 120 140-2 26 118 82 193
train/XnSv2c-y5t-I12-YUviVI.jpg;3 223 182 295 348-3 35 113 69 147
train/d2swfo-Le8-w2H-pfKi3j.jpg;3 0 158 212 343
train/d9zN7F-GgZ-XF6-iwtCs6.jpg;2 25 111 380 358-2 372 98 415 200
train/DI5HjJ-vSB-mAc-DMCfb0.jpg;0 125 0 341 289
train/l5eOR4-nOY-dQS-bOL8un.jpg;0 43 103 378 365
train/LIrEpZ-KMU-qFH-uEBYaM.jpg;1 0 93 38 281-1 61 38 415 328
train/qHFli8-li1-L3I-XHcmYP.jpg;2 20 287 50 316-2 48 292 62 305-2 58 293 82 308
train/2u0f9G-PTX-Lz6-rGZ0pm.jpg;2 177 119 259 184-2 405 106 415 166
train/yISrJp-Z6M-vFd-bRidBN.jpg;1 46 20 402 394
train/eIQS9A-s9l-fth-GmzZWS.jpg;3 0 89 76 290-3 0 49 371 415
train/XTw0Fj-bXP-ZLU-BivAKH.jpg;1 0 46 321 414
train/ZojRL4-UY7-Bir-tLVE5b.jpg;4 284 231 364 301
train/cKrM12-PNw-LpO-gum1JM.jpg;4 46 24 398 320
train/mIfcja-JLY-9sc-WXqLAF.jpg;3 251 289 319 351
train/RONz5W-kNJ-6RX-leaVW1.jpg;4 77 27 331 395-4 0 184 90 268
train/5jqR0U-Jeo-Tmx-eTUoz1.jpg;1 0 165 27 316-1 23 132 414 363
train/52ui0D-TEF-SeP-3OyqIh.jpg;0 65 137 335 366
train/CvqOuW-6Sw-KjJ-yaTmGr.jpg;3 138 0 415 274
train/CO7MVn-Uju-nyO-FaRdkD.jpg;2 7 229 250 359-2 117 382 413 415-2 293 226 415 391
train/kIT8jN-1Qi-P7F-xKGYCH.jpg;2 94 131 408 363-2 381 158 415 269
train/ONtJXp-GYx-3ZM-EFpCDr.jpg;2 334 303 385 344-2 382 309 403 340-2 398 303 415 336
train/AyRc9z-E8q-bFV-2iPKhd.jpg;2 89 101 166 145-2 115 117 188 145-2 361 104 415 142
train/ZvOArT-JyC-1B7-JpNys0.jpg;3 21 17 405 385
train/DV93TR-tSE-e74-HnQ1zK.jpg;0 69 72 281 367
train/3OSqci-nwK-PtF-8TowUa.jpg;2 0 25 241 151-2 6 28 158 158
train/eYg9ix-D0F-LfS-FwNEB0.jpg;1 101 271 194 310
train/lDZvNe-TA8-J8P-1yopX2.jpg;4 50 250 135 295-4 114 238 178 306-4 117 206 149 226-4 240 203 275 220
train/bfr5kl-HhT-38G-fEmWeJ.jpg;4 25 41 323 356
train/Ci0vDx-wmZ-pCT-XJ0Cz6.jpg;2 296 346 377 404
train/lVMIoP-tq0-t5h-KrJ7iE.jpg;0 19 80 388 331
train/pIfNLv-oxC-4HK-g0wfLA.jpg;2 259 305 395 391-2 114 313 222 361-2 245 310 308 364
train/gpcZBW-qSJ-1oE-zC7ZuP.jpg;0 29 18 347 379
train/OFlSMt-XST-F1f-hbdx31.jpg;1 50 22 355 357
train/FxXP73-tsW-Aoj-6WsFf4.jpg;4 6 122 402 323
train/n2edzg-jTS-Yrk-KClcJ6.jpg;2 0 14 99 160-2 41 2 102 78-2 59 0 389 415
train/a4MHgA-riV-VKx-emLwDX.jpg;3 19 93 372 393
train/LdI57E-ZD5-Dzk-4YkdCh.jpg;4 73 152 345 295-4 307 174 415 257
train/W8IqFn-a7G-IZG-D7BOzj.jpg;2 7 30 188 255-2 273 42 414 233
train/TFsgEq-6Xi-a2R-FzAXYG.jpg;1 30 45 382 357
train/ixFnXT-SOa-v76-vOm8Ar.jpg;0 11 24 220 400
train/hZVi6X-r4c-Jmh-DEGU3W.jpg;4 47 94 389 353
train/dT1O7K-r01-F4o-lnyj4R.jpg;0 113 95 362 345
train/7IPVaf-hkN-SQo-ijVorA.jpg;2 0 160 34 415-2 40 64 366 350-2 318 68 415 245
train/x8dIFy-qsS-sa1-YVrmCs.jpg;2 13 91 384 318-2 303 93 370 146
train/7CMcnN-cFA-6im-Aloez9.jpg;0 4 163 185 307-0 145 178 308 297-0 256 192 389 289
train/zpfqlj-vhE-Oej-8HPI7y.jpg;2 146 178 207 253-2 208 178 231 205-2 262 171 275 177-2 264 177 278 195
train/7Ydj0e-EDL-OD7-cukROC.jpg;2 60 151 380 333
train/QzTNSx-kKD-NWz-oBLaGb.jpg;3 6 0 356 415-3 271 1 415 129
train/zWgI6C-TuO-saN-Yjz1Gp.jpg;4 232 121 385 324-4 31 0 216 347
train/uy5UTH-TEX-6eQ-ivenFx.jpg;1 230 126 390 320
train/xThJDe-Woa-FO5-CUATJ2.jpg;1 75 0 415 415
train/u1wp7c-oSx-2LI-hqTUbJ.jpg;3 143 214 303 343
train/pvh3r2-nak-nWr-RPO1Gz.jpg;0 172 188 229 260
train/EaDbmF-Q5J-Cyr-5fygkO.jpg;3 45 237 186 411
train/BMhpJ8-KMC-5AR-caZUtY.jpg;1 211 229 351 316
train/9lWT5k-AtC-jp6-8Yn5rH.jpg;0 21 19 398 355
train/UaYiwK-K72-kug-zpWPnf.jpg;2 0 269 127 312
train/RqSDpU-5Pd-7TI-oFa6uT.jpg;0 256 104 415 288
train/Nf8dTW-BpO-hvE-pyTrh5.jpg;3 197 97 258 183-3 202 93 296 380-3 328 84 359 132
train/LANZxn-OzT-HYc-gn7Jjy.jpg;2 0 153 346 415-2 0 90 415 415-2 341 120 415 216
train/PG9HXv-r2y-GXP-AGS7Ng.jpg;0 249 204 383 311
train/Y2HFub-oLz-by6-oVutEl.jpg;1 79 33 330 415
train/6YDqsK-zPO-5P9-chQM5f.jpg;3 18 23 407 413-3 0 178 66 414
train/MWUanc-zwg-GxN-wQy28s.jpg;1 168 131 302 249
train/d7Nnl5-jlY-Eeu-I3BfZL.jpg;2 0 177 27 222-2 0 166 66 222-2 57 178 92 210-2 79 178 107 207-2 151 179 188 195-2 174 173 227 200-2 303 169 329 215-2 310 160 415 230-2 335 200 415 248
train/WrVaoc-zCn-vMf-tb8ACN.jpg;1 4 188 35 295-1 16 180 141 310-1 122 179 205 304-1 226 169 327 346-1 305 183 402 312-1 395 189 413 290
train/qO6VUN-yIN-TqV-jABHus.jpg;2 17 81 404 366-2 315 83 411 126
train/vV0wnc-UKv-teB-ulqO59.jpg;3 79 276 132 369-3 225 253 295 351
train/6sZkUQ-ncO-m7v-DJfsbR.jpg;0 0 242 73 334-0 173 212 267 320
train/kIxOhy-Yp8-idt-2JzKXB.jpg;3 0 5 403 410-3 185 1 415 208
train/K5qXug-7HG-zol-v1M6Pg.jpg;2 22 36 359 368-2 325 150 353 178
train/Ku9NTf-XyZ-DY3-Ggpx54.jpg;0 2 0 415 415
train/oB3ZW1-MEF-R5K-31FpIH.jpg;2 32 319 113 367-2 181 300 205 321
train/G7qzeW-43z-30N-30iDYq.jpg;4 65 94 406 398
train/ACpPDc-OI2-HpG-8W26dE.jpg;2 1 31 80 164-2 11 65 352 400-2 69 42 113 124-2 101 20 189 164-2 381 83 415 145-2 392 105 415 164
train/IYaSbB-4A0-Fbd-xZ3prc.jpg;1 0 112 135 283-1 89 53 372 360-1 365 38 415 364
train/j8napx-z2E-Wcd-RIr7P5.jpg;0 36 0 369 346
train/cigz8d-qZz-LkR-HuRJzC.jpg;0 28 90 376 390
train/XKUYPw-Mmx-C1Z-uSA0Di.jpg;2 102 237 148 300-2 47 229 60 246
train/XQZuwg-8WT-S2W-Tou8L9.jpg;2 0 71 35 202-2 17 74 71 147-2 371 104 413 250-2 399 90 413 121
train/Eh15WX-BRQ-IEd-Q2MH6x.jpg;2 221 332 408 402-2 0 293 124 330-2 91 286 158 321
train/RGlXuL-ebv-ERh-Yz8kl5.jpg;4 0 33 123 121
train/13crX2-Oto-ENZ-dswT0b.jpg;1 15 197 385 362-1 400 195 415 305
train/jDd5uO-2uR-dNJ-usdBbw.jpg;2 31 68 393 367-2 0 61 58 208-2 349 65 414 168
train/hSs73R-LkX-DX3-vyzW1m.jpg;4 18 267 76 305-4 1 245 34 297-4 100 268 172 301-4 211 236 275 290-4 311 247 343 271-4 343 238 367 259
train/5l1wth-Ze9-xoq-fPpaS4.jpg;0 47 50 399 366-0 394 189 414 345
train/6Sft84-2nl-Rpx-OqY51n.jpg;1 127 99 394 369
train/9gBt1i-J8i-l6a-WahJjP.jpg;3 143 46 399 415
train/LnWjsv-6ak-93H-i8zo94.jpg;2 94 113 316 297-2 350 96 415 264
train/apHX8q-prU-BF7-tKywiA.jpg;3 179 181 294 352
train/KY895T-Wlk-xlF-ND7b2w.jpg;2 0 316 68 374-2 73 320 185 386
train/0vt9wx-DcJ-VLO-8JyoVB.jpg;0 17 73 163 237-0 98 73 256 256-0 177 60 401 313
train/zg9vir-SCj-T4m-0BQgDd.jpg;0 32 154 174 286-0 166 155 276 281-0 279 150 355 270
train/XCq6ER-v5c-Eky-cURFCq.jpg;2 0 27 106 150-2 0 30 300 308-2 59 8 141 51-2 203 63 274 110-2 277 46 393 149-2 394 85 415 144
train/GYZikd-u2n-x85-6GNxFp.jpg;2 268 374 314 415-2 296 358 415 415-2 338 375 415 415
train/dXFGeI-PNH-Hgh-28EPde.jpg;3 81 0 402 344
train/aiqydE-amN-4xa-pPzh0F.jpg;2 0 198 115 415-2 146 193 169 226
train/EZUpGe-JOr-jmg-qWYjOG.jpg;3 23 255 382 415
train/KzZhSJ-ieL-heF-mAGvaX.jpg;2 8 127 392 375-2 330 151 415 336
train/KtsF9l-sYa-vOL-feydk5.jpg;1 89 26 406 380
train/XxVY74-gSA-G27-sN07C8.jpg;4 147 167 382 355
train/RA7ZO3-oK9-675-6sPMO9.jpg;3 122 189 351 415
train/GPSpq9-Xqr-whr-p0Zk8R.jpg;3 42 252 258 345
train/dKCA5k-shm-gCn-en1Vp2.jpg;3 234 306 348 357
train/3dfK9T-tcS-YTh-FJrifZ.jpg;0 109 50 388 352
train/r2AYQT-V38-3Tv-ysEIS2.jpg;4 74 23 415 392
train/U8b5DE-Iu8-SkO-6FtuZo.jpg;2 20 44 371 412-2 0 65 165 262-2 340 67 415 106
train/gNfm9B-vXa-kQC-E38JUF.jpg;4 0 217 107 384-4 0 81 132 191-4 0 66 288 180
train/7IMdPW-wTU-1fs-GRydiP.jpg;3 39 120 188 408-3 168 20 321 407
train/5kXirL-Ug0-dbe-61GvQl.jpg;2 67 303 208 372-2 237 290 319 343-2 334 285 377 320-2 378 289 405 312
train/JzcdlB-4mX-GwL-w7I3GP.jpg;0 68 129 351 328
train/OrjQYq-LA0-vWB-NuWn2s.jpg;2 0 279 77 379-2 393 245 402 265-2 398 246 409 270-2 405 251 415 282
train/SQa69j-Kaw-h54-gwVQkp.jpg;2 131 317 228 372-2 253 316 329 360
train/iv1m9H-Xt9-roh-zjwHZU.jpg;2 55 134 348 383
train/MqNs3p-uKT-oB2-Goaj6k.jpg;3 64 14 199 368
train/dvZa9f-MVw-piL-T37CfZ.jpg;3 104 0 328 414
train/0SnZFm-dZU-8U0-CrtwSF.jpg;3 14 0 407 415
train/6nwTNt-u0w-vKT-l6JmQb.jpg;3 231 36 415 351
train/K4l30x-lrQ-pBj-O3x0jH.jpg;4 105 240 185 357-4 257 236 376 364
train/aAGzEj-Dyh-0YK-H40ukO.jpg;3 124 188 339 378
train/oLBRrt-MWn-rSC-sy0YKU.jpg;0 51 121 365 328-0 78 103 297 186
train/J9XFWC-lct-NEx-WztbY6.jpg;0 48 84 360 374
train/ZQoBL3-reC-xjd-SqRQtO.jpg;4 0 251 60 341
train/nPse5B-FDN-LQE-W4vhpA.jpg;3 184 172 246 341
train/meiBN8-Bcy-2GD-9Hb7Ds.jpg;2 48 180 181 302-2 0 182 33 239
train/arEpuN-y8X-QCS-gSIBzn.jpg;0 157 215 386 382
train/D7ySf8-Pkf-DCB-eagD7T.jpg;2 33 121 387 218-2 20 240 198 304-2 26 30 221 89-2 209 248 411 296-2 228 23 391 89
train/bzqlxT-XGu-VlX-UgYPxr.jpg;1 124 66 374 316
train/AaDwpN-O3s-H2A-eB5UCL.jpg;2 149 173 199 212-2 251 299 292 351
train/FwquTb-9Yb-4Iw-0G7uCX.jpg;0 70 74 339 361
train/bUNPpf-54t-UTO-6dHvhg.jpg;0 26 55 399 312
train/mUqtMd-cbF-VPN-mRQqo9.jpg;2 36 142 127 230-2 137 166 197 218-2 186 169 236 216-2 223 146 298 241-2 234 166 415 326-2 319 135 402 212
train/cwOMtR-fw4-Nd2-7imjOp.jpg;4 0 33 172 410
train/aXIq7Z-Obx-9cM-oyfrd1.jpg;2 3 295 12 305-2 3 296 22 307-2 16 291 26 299-2 20 292 139 337-2 391 282 400 293-2 400 283 409 293
train/8OxyaG-svL-qPu-DsIXTn.jpg;1 129 146 388 283
train/RM6a9r-jUX-h3f-bRw8ze.jpg;2 0 64 366 385-2 362 147 396 204
train/eBCtSL-nzc-his-0zMafs.jpg;3 134 113 385 375
train/DGLPO3-MG4-HCP-HVJpnv.jpg;0 169 214 260 341
train/c6eNHK-odE-TWt-ndifHC.jpg;0 40 43 358 390
train/blGm8J-FaT-1rl-GeMI6Z.jpg;2 231 351 244 362-2 234 349 259 372
train/p31FJu-B1N-muY-mZV2MB.jpg;3 174 147 297 295
train/RY21VF-lxC-wWo-T1NxG5.jpg;1 111 152 300 379
train/cqWegR-5wA-Ngz-r9kHmK.jpg;2 84 78 333 300-2 56 81 129 170-2 297 102 372 196-2 336 100 355 109-2 351 108 381 160-2 387 103 398 108
train/xlnWkV-F6L-mvV-faWTiQ.jpg;0 29 27 358 413-0 342 0 415 415
train/NVxZ8M-X7i-URL-NhFo91.jpg;4 2 53 403 397
train/uRWv4M-eYP-ULr-Byf1T8.jpg;2 0 60 69 126-2 0 57 187 260-2 49 50 342 376
train/7J5YPq-Ur0-QIX-vdiCqI.jpg;0 61 234 270 386
train/kcgM4Q-6cJ-69f-doNi6A.jpg;3 40 56 381 343
train/yPzxX7-Hxs-drE-TpsI3S.jpg;2 241 143 410 351-2 0 107 93 140-2 0 127 351 415
train/fqhepb-YL3-eyN-ZGIUhY.jpg;1 11 99 86 168-1 72 13 337 302
train/F2Riba-0O3-4N0-UH7cuP.jpg;2 79 118 293 311
train/1qT5oa-swr-SiF-HolA13.jpg;0 12 43 415 366
train/mKS7gz-vYy-rq7-87WeIs.jpg;0 216 121 338 228
train/uKZ8Y9-YHG-iwH-KcpQD6.jpg;3 75 95 330 356
train/NEu2vV-yqv-wTE-STuvQG.jpg;1 33 93 381 313
train/SyMC1z-Fbg-FQO-HES6u0.jpg;3 216 225 289 415
train/L5a01w-Nzn-9BL-NnHt47.jpg;2 0 117 42 177-2 0 108 382 324-2 90 119 150 169-2 142 113 183 135-2 333 131 415 186
train/dBwqCl-6S5-dWN-C86aEU.jpg;4 63 111 341 356
train/6N2fdw-wQD-nTG-c06yLH.jpg;4 106 124 343 336
train/y0MbOs-ykf-UMP-Ck2Mm4.jpg;4 25 102 256 199
train/cXQiI5-GFs-WrO-czdtIE.jpg;2 0 161 21 340-2 10 112 214 338-2 177 115 403 334-2 349 112 415 311
train/WwoQ7p-NSt-0qy-8bzKpg.jpg;4 20 172 204 300
train/y9hMrd-kJB-fLk-ZyaY4K.jpg;4 0 88 391 374
train/el4D0P-Jpu-uzH-vEhXBV.jpg;4 4 250 49 300
train/4yT7tW-pxf-J61-jBo4Oc.jpg;0 46 88 377 331
train/Z69pkQ-xK6-Tok-pEkifx.jpg;2 55 66 377 351-2 0 60 172 260-2 134 60 174 99-2 171 61 228 110-2 329 63 384 122-2 401 86 415 128-2 404 56 415 88
train/k69VMa-XQy-4Qq-mfI62V.jpg;2 317 302 386 336-2 369 296 415 339
train/e3StcU-sc0-VZ6-lihPYo.jpg;0 364 262 415 405
train/GdfKYw-vK7-0bU-MnViO3.jpg;4 61 106 350 346
train/vjbZB6-lvE-K56-pAKi4z.jpg;2 0 166 42 229
train/U7B9KO-ztj-gCH-kEziVB.jpg;3 106 68 336 250
train/gsJAv6-1eq-TiD-AiG85Z.jpg;1 0 188 28 238-1 62 33 362 338
train/qzkbB3-UwD-PX2-WM3VdC.jpg;0 0 10 386 415
train/wXd6LI-Alr-Im5-5jOZfz.jpg;2 0 263 17 289-2 14 263 34 281-2 33 256 60 286-2 357 270 415 339
train/1SKp6L-vBA-nCx-LIquKZ.jpg;0 92 128 371 377
train/iRPZHS-FMw-PDg-dlti1I.jpg;0 57 103 259 373
train/2uEDy5-n3g-RnG-BKnISC.jpg;2 33 277 221 345-2 35 201 213 267-2 223 212 413 350
train/9KXwdm-lmK-7pt-xPa2Zm.jpg;0 0 76 165 279-0 32 58 369 360
train/LVx1pM-7K8-Wwd-jadnAe.jpg;4 0 192 24 212-4 20 187 61 210-4 55 192 86 209-4 308 193 415 247
train/lLaZzD-JQu-3Wn-9X0aTg.jpg;1 133 94 269 292
train/l5OVXP-kMh-sMY-6l2xpN.jpg;4 277 116 341 214
train/8gNyvK-aho-3IG-d2sbW7.jpg;0 142 119 279 259
train/XAErTh-nA2-tm5-i1jPLW.jpg;2 149 98 411 235-2 154 204 415 316-2 366 291 415 409
train/03UKVo-vEQ-aTq-rLtd0G.jpg;4 26 184 66 216-4 248 159 376 218
train/7bhxtT-BuQ-HZO-7dQmSF.jpg;2 0 244 59 318
train/O93B74-YnK-AGx-tdKMOR.jpg;4 17 87 398 329
train/hH1p4B-wMc-BYK-dVWisz.jpg;1 4 0 415 407-1 373 130 415 303
train/L0mW15-N3y-r2i-YX4ZPM.jpg;2 16 20 397 396-2 154 0 210 26-2 188 0 415 224
train/opav3D-teC-wqB-agxfBC.jpg;2 18 147 60 297-2 35 50 415 415
train/uav1h3-BhW-5OF-rkizy1.jpg;3 189 213 281 314
train/gsMSYQ-8Xm-e7a-Kaxfm6.jpg;3 23 74 407 366
train/Xnvgj0-AYi-Fme-7Kycpe.jpg;2 35 173 370 326
train/MN894U-4tz-Htu-OwyoCH.jpg;2 1 280 177 409-2 407 252 415 271
train/en3WwO-5Nn-ZOC-ayI1VB.jpg;2 244 80 322 124-2 0 90 97 189-2 3 72 64 93-2 47 83 114 111-2 361 92 414 131
train/t2G4Yp-C6H-ixd-NM5fgG.jpg;1 349 327 415 415
train/CPl0Oi-Ahy-5Md-7HmnqW.jpg;2 163 175 178 188-2 194 159 361 339
train/vPGDSi-wUa-UoP-yRP82n.jpg;2 179 312 295 370
train/uNyZSp-UQ0-7Yq-QcRErF.jpg;2 0 179 7 219-2 2 171 20 234
train/i0ehf9-PrY-CaE-kQrMDz.jpg;0 53 290 264 390
train/5pZLX2-8CJ-sla-Wf4nSu.jpg;1 0 40 238 358-1 81 15 415 411
train/0LjqYp-bur-7DJ-gOkaEc.jpg;3 59 43 363 370
train/mQ8Rju-QL5-9hI-keKhTU.jpg;3 331 331 377 365
train/jZW7Xv-fA0-3q8-JgPBHT.jpg;1 7 4 407 409-1 317 122 415 415
train/fIHNSX-Iwq-LDr-em0i9Q.jpg;3 91 272 138 369
train/dMe7Wc-M38-pVt-FVOIdP.jpg;1 35 12 393 401
train/xsQ7jg-7Tj-uca-dTqexS.jpg;1 131 76 294 286
train/L9zqbG-NkC-EIs-kelXLN.jpg;0 56 102 338 364
train/LqgCYk-ezr-H8s-HgDt8F.jpg;3 13 159 324 354
train/dpirHW-mC8-CRl-p7vMhA.jpg;2 135 101 192 150-2 140 118 179 251-2 217 116 268 185-2 316 104 350 163-2 350 95 393 151-2 356 119 415 210-2 370 131 415 287-2 400 107 415 126-2 404 100 415 119
train/HsF5Di-py6-BKc-scPGkX.jpg;0 48 134 156 249
train/WABriR-ZqL-TQV-kmF8W4.jpg;2 189 275 221 300-2 227 284 242 297-2 248 284 263 295-2 271 278 296 297
train/CbG2nT-amX-Zbs-hSlcYd.jpg;2 70 136 205 239-2 103 50 165 93
train/tvXb83-ITb-5ta-AbBCEl.jpg;0 28 58 389 368
train/6kbmdg-4QW-dmi-ipdWsq.jpg;0 67 103 307 331
train/kN316G-2d3-0TH-XwHqkU.jpg;2 7 95 414 339-2 284 71 415 168
train/QN1K3B-1Fm-J78-jufZ3P.jpg;2 33 349 107 388-2 0 341 53 380-2 302 344 353 379-2 348 346 382 376-2 375 341 404 372
train/3WmvRA-eK7-jqL-54h1Ft.jpg;1 0 133 331 335
train/9xG16S-FrR-gUA-IpkHr8.jpg;3 78 57 390 406-3 0 52 23 140-3 40 14 110 105-3 47 12 110 73-3 75 0 88 18-3 89 0 112 22-3 267 10 393 174-3 377 6 415 81-3 390 121 415 239
train/BVCDoe-yYw-LWN-bBkZx3.jpg;3 60 6 386 402
train/MnDyub-izt-Y5t-V6LbZH.jpg;2 67 158 176 243-2 169 91 415 367
train/WXFBla-smb-SQP-1dD7kg.jpg;1 22 13 371 380
train/bw3NBz-NJk-kbn-FeSJsO.jpg;2 270 79 415 223-2 280 101 326 133
train/Goqhu4-kCf-7c6-nqA8LH.jpg;4 215 141 390 374
train/XKAkFM-eAt-mcA-Bs6k7M.jpg;1 187 153 320 273-1 307 188 333 241-1 333 184 360 239-1 359 107 415 339
train/20I3uL-46D-F3Z-hsJbKi.jpg;2 40 142 393 382-2 0 195 73 266-2 53 152 125 212-2 163 164 211 184-2 292 171 353 203-2 354 167 379 209-2 365 182 415 247-2 404 165 415 188
train/ih7OoH-vfg-89g-GQCkI0.jpg;0 50 93 311 345
train/0vI4g8-djk-pYs-k8ySfM.jpg;4 1 177 243 388
train/qf1J6i-9vj-wq6-hlLmad.jpg;1 0 0 115 308-1 40 26 389 352
train/6LYXVx-Yo0-RDF-F8mvyI.jpg;2 99 158 114 192-2 110 155 166 238-2 147 179 263 374-2 156 147 185 183-2 168 182 331 411-2 206 162 247 198
train/FefvIB-TY9-9dx-0M2V1k.jpg;2 43 123 352 325
train/hd0xij-ZVa-OEN-gKp2J4.jpg;3 224 149 353 398-3 70 116 238 395
train/z51A94-wPG-imT-nAgMxJ.jpg;4 114 106 404 303
train/jJ2soz-UMt-4ZW-y8KwCB.jpg;4 20 40 354 343
train/AS3g1Y-ZDg-ZD8-PBkKxn.jpg;2 123 229 411 388-2 13 215 192 337-2 198 180 205 185
train/vhpjzk-adL-GaU-nNs90S.jpg;0 81 158 324 314-0 303 198 412 277
train/U39tKT-cFR-4Jf-zBhfw6.jpg;0 17 84 393 386-0 301 137 412 278
train/JHvMUe-wRz-JnM-03Tg47.jpg;1 63 108 348 369
train/AMp5s0-9LR-pxU-9LQnpJ.jpg;2 18 296 80 324-2 44 213 97 237-2 120 61 263 121-2 130 175 255 251-2 134 283 255 364-2 149 0 249 23
train/z6MiCO-i6A-ZvH-lnoQIW.jpg;4 36 21 406 409
train/g758NW-nXt-Uit-K8QcVA.jpg;2 0 168 250 414-2 0 80 302 248-2 0 43 386 166-2 0 0 408 119-2 226 0 415 36
train/ZdINCz-hcm-K4j-m8upUn.jpg;3 186 137 335 375
train/NLk4w8-VJw-q2M-jKbuIg.jpg;1 15 17 389 393
train/iqszjV-qDU-9IW-wx3GNa.jpg;2 42 128 161 246
train/3ujw48-lIF-g0d-E4rQV3.jpg;2 0 7 146 99-2 3 0 48 31-2 16 58 413 348-2 107 4 131 38-2 284 21 377 86-2 303 55 414 198-2 334 25 415 73
train/tcJ7vr-wYW-apb-7Cw1pL.jpg;3 25 0 339 389
train/qEPwJy-ISj-tBo-7V09yk.jpg;4 11 67 401 358
train/LRMK7y-aCO-U9m-Whnr1I.jpg;1 62 74 361 299
train/RUeWOf-2RU-H1t-Tsnx7R.jpg;3 31 16 388 353
train/NoF2Rt-RK5-1b2-qDfzJx.jpg;1 0 0 185 415-1 305 182 410 278
train/qNbzPE-iYL-eEV-F0DtUf.jpg;4 0 24 402 392
train/qWNdxe-Z6t-7UL-bVRGC4.jpg;2 28 87 71 122-2 54 82 369 339-2 72 87 116 126
train/b47Mxs-pA1-dZF-jTRuIa.jpg;0 14 163 61 237-0 39 161 96 249-0 76 161 135 262-0 111 158 203 282-0 183 161 274 322
train/uqranK-SQp-FJ6-Q3ptdD.jpg;2 184 8 406 393
train/fErRaz-XkO-xzX-mDCb9w.jpg;3 10 63 415 384
train/OfjiC7-xzN-326-mQRX3b.jpg;2 0 90 149 215-2 40 96 395 300-2 393 196 415 276
train/gRFWry-f85-pbB-HdVNF5.jpg;4 189 285 268 361-4 7 14 57 77-4 50 125 107 187-4 92 195 171 284-4 248 151 322 237-4 271 0 403 202
train/wduLR3-FjP-EmZ-S0zV5Z.jpg;1 21 0 401 389-1 366 54 415 356
train/Pqlspj-ZUg-Tpu-WESYM9.jpg;4 86 125 175 173
train/S37Vzr-e6C-XZb-HPItj0.jpg;1 0 17 415 331
train/e0YqoL-4yS-H3t-TUa6qR.jpg;2 37 57 397 390-2 242 19 331 75-2 328 37 369 82-2 361 34 415 202
train/810bXN-qod-uYS-kx8YE1.jpg;3 0 0 111 61-3 0 0 267 231-3 109 0 202 46-3 264 0 411 90-3 290 279 415 415
train/OAjgfJ-el3-jMI-d37WCY.jpg;3 302 253 355 399
train/u7RmAE-O6Q-ICR-AwP3zs.jpg;2 9 306 218 404-2 373 318 415 363
train/DCxFvs-gnE-ROC-tT7YbB.jpg;1 104 75 293 363
train/bDSaK8-bnJ-P6f-JmciaS.jpg;2 0 234 51 281-2 40 230 86 262
train/QzBTsl-pC4-cgt-W0YzCT.jpg;1 35 0 415 415
train/6GKgLo-eT5-x82-ozFyuX.jpg;4 0 48 200 336-4 284 177 414 294
train/O8SFgW-fop-0uT-8mVcqy.jpg;3 163 223 391 411
train/fYXrKy-ytC-KMf-ah6HPy.jpg;0 83 78 359 396
train/guV1jn-nAe-iZL-Fo8CEl.jpg;4 111 66 351 372
train/XSEDz1-W72-zbG-Qi17vA.jpg;4 0 51 100 182-4 234 57 269 85
train/cvfIQ0-Dbp-mqi-nV9jcE.jpg;2 269 265 306 294-2 292 264 337 296
train/6lwBUy-jMR-SqQ-eHl87h.jpg;2 0 271 32 414-2 0 143 144 252-2 184 140 204 168-2 231 128 296 228-2 258 194 415 415-2 322 132 337 166-2 346 125 415 200-2 362 117 369 130-2 375 120 383 128-2 377 111 384 119
train/qFPIAZ-nCN-vgy-S1EGfK.jpg;4 280 120 415 273
train/lrsvOu-Qvp-4Ud-DyGwKh.jpg;1 32 41 331 354
train/BrIjzH-jUt-PnR-toe63A.jpg;2 352 158 413 265-2 0 119 35 136-2 0 131 62 173-2 0 116 264 302-2 0 139 123 164-2 16 126 382 384-2 112 133 145 145-2 281 89 406 195-2 379 119 415 168
train/j1vkSY-e4H-1NA-kopB8h.jpg;3 30 84 358 359
train/r35Pbp-EDs-KQ3-6qskvy.jpg;4 70 160 338 389-4 46 86 123 177-4 336 53 368 110
train/BP2pOW-dkF-Jrf-qzBV5N.jpg;1 146 247 158 269-1 194 105 303 356
train/U43twd-VtW-vhQ-B2d1Eu.jpg;3 33 117 167 268
train/LCGIUa-SX4-oXD-VBby2W.jpg;1 46 73 388 385
train/HlWDcC-M73-h4H-kMnD1d.jpg;1 53 70 351 326-1 362 172 384 214-1 381 166 415 214
train/HT6Qpz-wTU-e6g-BCtGpW.jpg;0 0 44 411 377
train/BSG28r-4i8-hut-Gvb3gk.jpg;0 46 32 275 175
train/0lFzDw-lgJ-gtW-U5eVq9.jpg;2 0 96 83 206-2 173 36 250 91-2 246 40 319 85-2 318 35 387 90-2 408 56 415 93
train/lDPeN1-TJa-BcF-dHNwVR.jpg;0 81 86 335 314
train/s9E6jo-eWd-0mG-AbMuqE.jpg;3 0 0 346 415
train/6o0O5K-CZT-Mu4-q39LjE.jpg;2 0 270 98 409-2 214 337 285 415
